run,scheme,seed_imp,seed_model,seed_eval,ate_hat,cate_sd_test,cate_iqr_test,mi_ate_sd,mi_ate_iqr,mi_B,M_imputations,n_test
0,baseline_fixed,202,303,404,0.039429873197767924,0.0549100185901341,0.08211632400711769,0.0,0.0,0.0,1,480
0,vary_imp,2029167940,303,404,-0.0012563049356418457,0.05031427387236177,0.07183556038254948,0.0,0.0,0.0,1,480
1,vary_imp,1342382292,303,404,0.05617086823191954,0.06277825445988842,0.08942483158616517,0.0,0.0,0.0,1,480
2,vary_imp,1469265226,303,404,0.050278322079167645,0.030568465306286624,0.04070768872786547,0.0,0.0,0.0,1,480
3,vary_imp,1926751965,303,404,0.03119786740854841,0.044417449463242345,0.06453914372452618,0.0,0.0,0.0,1,480
4,vary_imp,1241873584,303,404,0.04440323943954147,0.05073036000658828,0.06693049677975373,0.0,0.0,0.0,1,480
5,vary_imp,1665772334,303,404,0.10941995789854822,0.05406523624154555,0.07182724357245518,0.0,0.0,0.0,1,480
6,vary_imp,1790251936,303,404,0.04809940044101569,0.03566503425966721,0.04952669728808193,0.0,0.0,0.0,1,480
7,vary_imp,483628758,303,404,-0.026707508913237095,0.05944557125068416,0.08409117563733547,0.0,0.0,0.0,1,480
8,vary_imp,119253155,303,404,0.023405468074536494,0.08041521744286662,0.13168360169770163,0.0,0.0,0.0,1,480
9,vary_imp,644602188,303,404,0.12892856484517523,0.049256930457390345,0.0714777594401692,0.0,0.0,0.0,1,480
10,vary_imp,612176794,303,404,0.055148733348784534,0.05314357388474263,0.067274987072377,0.0,0.0,0.0,1,480
11,vary_imp,1875941738,303,404,0.0035770247693413582,0.0434846441981903,0.058240356575920665,0.0,0.0,0.0,1,480
12,vary_imp,1959843383,303,404,-0.03196381206430723,0.05573521216878608,0.07716294830543634,0.0,0.0,0.0,1,480
13,vary_imp,11307155,303,404,0.04005302755930832,0.03729095265230542,0.051465679703621245,0.0,0.0,0.0,1,480
14,vary_imp,1073283950,303,404,-0.04184249172263512,0.057177573837683314,0.0731681072311052,0.0,0.0,0.0,1,480
15,vary_imp,1763574598,303,404,0.022436596235147297,0.047509790551892306,0.0666702683532874,0.0,0.0,0.0,1,480
16,vary_imp,282266799,303,404,0.012050436458411232,0.039738845127499284,0.056798404847301934,0.0,0.0,0.0,1,480
17,vary_imp,1711693563,303,404,-0.03338345302246308,0.05166394504556732,0.07545545517954745,0.0,0.0,0.0,1,480
18,vary_imp,255728785,303,404,0.05554720386268062,0.04086492600641588,0.05439538022087647,0.0,0.0,0.0,1,480
19,vary_imp,1004882659,303,404,0.08035959944049244,0.04986112116194388,0.068121213227487,0.0,0.0,0.0,1,480
20,vary_imp,1753345571,303,404,0.002845322034381183,0.05812291889439606,0.08479659731557615,0.0,0.0,0.0,1,480
21,vary_imp,650757181,303,404,0.06038837358089012,0.045022729622678684,0.06236995649277855,0.0,0.0,0.0,1,480
22,vary_imp,733587778,303,404,0.061119866900609755,0.06754677451299498,0.1015920801164334,0.0,0.0,0.0,1,480
23,vary_imp,597914449,303,404,0.10125087653560187,0.03961109048455682,0.05563069380751995,0.0,0.0,0.0,1,480
24,vary_imp,1545052023,303,404,-0.029737407894632566,0.056421937859243834,0.07577232276822726,0.0,0.0,0.0,1,480
25,vary_imp,547328271,303,404,0.00736982247543389,0.042596584736807795,0.05468940610956158,0.0,0.0,0.0,1,480
26,vary_imp,2126996168,303,404,0.059498017626768394,0.04192422682846737,0.05794384766144725,0.0,0.0,0.0,1,480
27,vary_imp,955794088,303,404,0.060020339244250515,0.04709589796289808,0.06150672438736465,0.0,0.0,0.0,1,480
28,vary_imp,1026816911,303,404,0.014434808463695699,0.038902463842807086,0.05282855310416505,0.0,0.0,0.0,1,480
29,vary_imp,1083509135,303,404,0.026644230311992107,0.06089413024582917,0.09033006757685029,0.0,0.0,0.0,1,480
30,vary_imp,1251001414,303,404,0.03677266818527191,0.0411465139657487,0.05234151668371583,0.0,0.0,0.0,1,480
31,vary_imp,1188626512,303,404,0.025672105623083207,0.05411303636665752,0.07892848009846565,0.0,0.0,0.0,1,480
32,vary_imp,1094029749,303,404,0.0633250987037146,0.04341502484055996,0.055464837290139624,0.0,0.0,0.0,1,480
33,vary_imp,2137820579,303,404,0.14824954889546968,0.03870675584169915,0.05262901930368476,0.0,0.0,0.0,1,480
34,vary_imp,1734444720,303,404,0.07043591636801226,0.04387811043867895,0.05879434662559441,0.0,0.0,0.0,1,480
35,vary_imp,1702228508,303,404,0.07532408791487492,0.04225752118894734,0.055135121341111065,0.0,0.0,0.0,1,480
36,vary_imp,1503827931,303,404,0.00967304325240682,0.044182718431440365,0.05938032541594512,0.0,0.0,0.0,1,480
37,vary_imp,1336119720,303,404,0.03824792508219863,0.04994677404996507,0.06669128931829098,0.0,0.0,0.0,1,480
38,vary_imp,732347575,303,404,0.03066144775141013,0.054784155236707106,0.07849544768714817,0.0,0.0,0.0,1,480
39,vary_imp,2123775744,303,404,0.014584520379249021,0.05940991909131992,0.08118678471000441,0.0,0.0,0.0,1,480
40,vary_imp,1001222388,303,404,0.024358575665969884,0.0431547725500677,0.05796281624882122,0.0,0.0,0.0,1,480
41,vary_imp,462371909,303,404,0.038409629621233496,0.061912445763671636,0.0852840385094623,0.0,0.0,0.0,1,480
42,vary_imp,1814811279,303,404,0.006369304300218651,0.04495619484398928,0.06053025268214998,0.0,0.0,0.0,1,480
43,vary_imp,344052723,303,404,0.048502237582949595,0.031504899684524294,0.040964877116567835,0.0,0.0,0.0,1,480
44,vary_imp,1841358261,303,404,0.0486475726865101,0.057544193166603454,0.08372534530386473,0.0,0.0,0.0,1,480
45,vary_imp,1315418783,303,404,0.07851828858241604,0.05048578649534691,0.06731290945510846,0.0,0.0,0.0,1,480
46,vary_imp,246345230,303,404,0.06357589079481799,0.06880774575527575,0.09990694433814912,0.0,0.0,0.0,1,480
47,vary_imp,94364744,303,404,0.018101056021367076,0.0619217233706571,0.08940141066852973,0.0,0.0,0.0,1,480
48,vary_imp,955111941,303,404,-0.06624535075899878,0.056747488401452204,0.08177839649837781,0.0,0.0,0.0,1,480
49,vary_imp,76622815,303,404,-0.014634975560081543,0.043433492252721057,0.05915507009547636,0.0,0.0,0.0,1,480
50,vary_imp,303992515,303,404,0.011323400771809338,0.058524467543803776,0.08619503987933831,0.0,0.0,0.0,1,480
51,vary_imp,1105715321,303,404,0.05553009189073784,0.0452169112079221,0.06516295571783412,0.0,0.0,0.0,1,480
52,vary_imp,2083627518,303,404,0.061883379342416146,0.041154215603624165,0.05492918126702335,0.0,0.0,0.0,1,480
53,vary_imp,1001169815,303,404,-0.011502410785868304,0.038824823846156084,0.05265812039856456,0.0,0.0,0.0,1,480
54,vary_imp,1736125123,303,404,0.012704106688145523,0.034867177786691156,0.04893953411922254,0.0,0.0,0.0,1,480
55,vary_imp,1969602794,303,404,0.01021688272892866,0.057171138209679014,0.08058455660968188,0.0,0.0,0.0,1,480
56,vary_imp,1768373431,303,404,0.06473870784475148,0.043093489689733776,0.06236086707235719,0.0,0.0,0.0,1,480
57,vary_imp,1351253091,303,404,-0.015287587544524518,0.04410182857853817,0.061134705543384196,0.0,0.0,0.0,1,480
58,vary_imp,947894554,303,404,0.037048932146518325,0.056239290530823195,0.08227367246559839,0.0,0.0,0.0,1,480
59,vary_imp,1104059238,303,404,0.05590624697243071,0.048854020136390536,0.07077813760148438,0.0,0.0,0.0,1,480
60,vary_imp,571810498,303,404,-0.0111367026767399,0.034030019676445845,0.0487888423451525,0.0,0.0,0.0,1,480
61,vary_imp,1067027577,303,404,0.013345586938369652,0.040275389909008925,0.05322778119017053,0.0,0.0,0.0,1,480
62,vary_imp,814704260,303,404,-0.0283403881565279,0.04072287949236478,0.0576170359595899,0.0,0.0,0.0,1,480
63,vary_imp,531534248,303,404,0.020685939359591222,0.044034203423498376,0.06077626694960355,0.0,0.0,0.0,1,480
64,vary_imp,2132991552,303,404,-0.007327483261083273,0.05868528387437513,0.08199352424175593,0.0,0.0,0.0,1,480
65,vary_imp,25327477,303,404,-0.04019814267715848,0.06004883428743845,0.08060883581454005,0.0,0.0,0.0,1,480
66,vary_imp,208719316,303,404,0.033159941098898,0.0354804276464385,0.0444685117469574,0.0,0.0,0.0,1,480
67,vary_imp,413180458,303,404,0.019538919802888927,0.06606656064232383,0.09570329519544195,0.0,0.0,0.0,1,480
68,vary_imp,2080950717,303,404,0.00021603951841674452,0.06278515613202823,0.08652304027586882,0.0,0.0,0.0,1,480
69,vary_imp,1486127662,303,404,0.03890664862801087,0.0572875710121896,0.07741778861399538,0.0,0.0,0.0,1,480
70,vary_imp,1893744462,303,404,-0.006475800103793673,0.052457615067908685,0.07735838808246978,0.0,0.0,0.0,1,480
71,vary_imp,430799659,303,404,0.060537409822806525,0.0649950490706723,0.09153421255963803,0.0,0.0,0.0,1,480
72,vary_imp,1548284816,303,404,-0.009644571679936138,0.04434177103278809,0.05903971742860403,0.0,0.0,0.0,1,480
73,vary_imp,793573184,303,404,-0.010162624777626151,0.048596986900065926,0.06908594237429548,0.0,0.0,0.0,1,480
74,vary_imp,1050150559,303,404,0.04677327667373257,0.056015418164404855,0.07767697114785663,0.0,0.0,0.0,1,480
75,vary_imp,8019224,303,404,0.13503332188933287,0.037542248374761465,0.05035336381328846,0.0,0.0,0.0,1,480
76,vary_imp,1326161204,303,404,0.022967470698596316,0.06958315778939274,0.09957136192740224,0.0,0.0,0.0,1,480
77,vary_imp,1782513925,303,404,0.013568978595936238,0.04890808787788432,0.06770084736809062,0.0,0.0,0.0,1,480
78,vary_imp,1425262066,303,404,0.06938508130402934,0.038007262235802496,0.05348474141008984,0.0,0.0,0.0,1,480
79,vary_imp,331702646,303,404,0.034457519296843195,0.05196864365872288,0.06944376195749961,0.0,0.0,0.0,1,480
80,vary_imp,1146331534,303,404,0.015323933333301835,0.05082540855011672,0.06997917986278115,0.0,0.0,0.0,1,480
81,vary_imp,574665130,303,404,0.02315598711686667,0.051822994905042635,0.07684452402686376,0.0,0.0,0.0,1,480
82,vary_imp,2072097652,303,404,-8.583711725227034e-05,0.04866083962625403,0.06706957984220709,0.0,0.0,0.0,1,480
83,vary_imp,1890498904,303,404,0.07091728048236945,0.04457954195298177,0.057121762752820035,0.0,0.0,0.0,1,480
84,vary_imp,399930128,303,404,0.06772759686803843,0.047348843380304415,0.06310600208232162,0.0,0.0,0.0,1,480
85,vary_imp,1094767427,303,404,0.016560986940389256,0.062163560978292516,0.09441557628003576,0.0,0.0,0.0,1,480
86,vary_imp,2018102210,303,404,0.040471316204993,0.043381961136162696,0.061016602454364494,0.0,0.0,0.0,1,480
87,vary_imp,1819241300,303,404,-0.016774996471948897,0.052688389698757575,0.07394841748805761,0.0,0.0,0.0,1,480
88,vary_imp,1520252680,303,404,0.036073631308582176,0.04648720730374134,0.06507630448175368,0.0,0.0,0.0,1,480
89,vary_imp,1373782154,303,404,0.02363446230947405,0.04006643829480765,0.05615602830041176,0.0,0.0,0.0,1,480
90,vary_imp,90439482,303,404,0.1191313566244944,0.04094216774180416,0.05956473253915737,0.0,0.0,0.0,1,480
91,vary_imp,1592940979,303,404,0.023117866613205175,0.043910722997244266,0.061221974395069496,0.0,0.0,0.0,1,480
92,vary_imp,1016862180,303,404,0.03987914993870725,0.04782177134173001,0.0611481483278738,0.0,0.0,0.0,1,480
93,vary_imp,196485316,303,404,0.03505217362294366,0.060129258878458554,0.07869707980197387,0.0,0.0,0.0,1,480
94,vary_imp,525027446,303,404,0.07041937281286728,0.04955789544156781,0.06821898345501566,0.0,0.0,0.0,1,480
95,vary_imp,1162097507,303,404,0.01213599384294312,0.04676020024596068,0.06207945422135422,0.0,0.0,0.0,1,480
96,vary_imp,1560763481,303,404,0.04557623926428989,0.04074770062124421,0.05382390921016975,0.0,0.0,0.0,1,480
97,vary_imp,1090432573,303,404,0.007708756982965416,0.042617429714758195,0.0585511906384721,0.0,0.0,0.0,1,480
98,vary_imp,1316294024,303,404,0.041933187736265774,0.047599631574408725,0.06655046073196863,0.0,0.0,0.0,1,480
99,vary_imp,1871187062,303,404,0.014266848622699087,0.042980294728975195,0.06386952934775908,0.0,0.0,0.0,1,480
0,vary_model,202,1473219434,404,0.04076948201123199,0.05654391436541994,0.08392042819523068,0.0,0.0,0.0,1,480
1,vary_model,202,775808659,404,0.02189554852699828,0.05099600386346243,0.07132352930288222,0.0,0.0,0.0,1,480
2,vary_model,202,1381360663,404,0.03589948902512794,0.05244676471039466,0.07144478053136602,0.0,0.0,0.0,1,480
3,vary_model,202,1284590502,404,0.07355543449280408,0.04800068534927406,0.0697429614197799,0.0,0.0,0.0,1,480
4,vary_model,202,232416244,404,0.047202916370078896,0.04616715839585092,0.06841664163797583,0.0,0.0,0.0,1,480
5,vary_model,202,127241933,404,0.08197986471138195,0.05056803767567545,0.06913834146936479,0.0,0.0,0.0,1,480
6,vary_model,202,1417675531,404,0.0374204627335771,0.04812326430135234,0.06858499023403604,0.0,0.0,0.0,1,480
7,vary_model,202,832432954,404,0.06179365397297163,0.05235319789184168,0.07470626949776285,0.0,0.0,0.0,1,480
8,vary_model,202,1284902936,404,0.065769147327512,0.04398493354416531,0.05885096066407866,0.0,0.0,0.0,1,480
9,vary_model,202,693715271,404,0.04455084162349474,0.05337677896748264,0.07206269047290674,0.0,0.0,0.0,1,480
10,vary_model,202,484582550,404,0.06891320977825528,0.04997184916692263,0.06592628560750417,0.0,0.0,0.0,1,480
11,vary_model,202,322551462,404,0.034066533129968386,0.05177410717947487,0.07014887829210018,0.0,0.0,0.0,1,480
12,vary_model,202,819442989,404,0.06484099057196123,0.04679282969901796,0.06272341819849991,0.0,0.0,0.0,1,480
13,vary_model,202,1753072728,404,0.04598557573988666,0.0476078585651465,0.0657685567786851,0.0,0.0,0.0,1,480
14,vary_model,202,861136855,404,0.005324407399217738,0.05060805256572897,0.06952492024674949,0.0,0.0,0.0,1,480
15,vary_model,202,814854448,404,0.07700770260923602,0.05616512491814867,0.08404306457695311,0.0,0.0,0.0,1,480
16,vary_model,202,1235630862,404,0.02291270536591897,0.047959767696287604,0.05927885064382929,0.0,0.0,0.0,1,480
17,vary_model,202,2101845076,404,0.06667205989668773,0.04517820952646381,0.06378310464680963,0.0,0.0,0.0,1,480
18,vary_model,202,842335582,404,0.03011763167523759,0.04829084006794678,0.06871162324315962,0.0,0.0,0.0,1,480
19,vary_model,202,1266997512,404,0.07317239319165021,0.05513718372515631,0.0807267682603365,0.0,0.0,0.0,1,480
20,vary_model,202,943789711,404,0.0627369212821769,0.038375615753006305,0.05176774437577994,0.0,0.0,0.0,1,480
21,vary_model,202,1299348410,404,0.054762912208279405,0.044376044778119385,0.058711327562062016,0.0,0.0,0.0,1,480
22,vary_model,202,957152604,404,0.06618045882722087,0.0502706768948573,0.0678282520394666,0.0,0.0,0.0,1,480
23,vary_model,202,1370087224,404,0.08166430675355674,0.03557935498138968,0.05026898748818632,0.0,0.0,0.0,1,480
24,vary_model,202,1175000481,404,0.07265811872661425,0.04896032263657534,0.06694025197547024,0.0,0.0,0.0,1,480
25,vary_model,202,1452665836,404,0.012151995408446328,0.045331594588852706,0.06819265611730035,0.0,0.0,0.0,1,480
26,vary_model,202,2054636806,404,0.06168059151937147,0.04897212530018799,0.07072489427360962,0.0,0.0,0.0,1,480
27,vary_model,202,323814805,404,0.028217299260108117,0.04850507603037607,0.06782614044287351,0.0,0.0,0.0,1,480
28,vary_model,202,1206101995,404,0.0954964346349902,0.05466479337791838,0.07824791475352125,0.0,0.0,0.0,1,480
29,vary_model,202,945565970,404,0.048011798885079345,0.04788487615499867,0.06844426916850765,0.0,0.0,0.0,1,480
30,vary_model,202,768789384,404,0.03674481007453948,0.050606039593661445,0.06891514858848675,0.0,0.0,0.0,1,480
31,vary_model,202,514459691,404,0.050287068320243974,0.04808738852936642,0.06900640117229066,0.0,0.0,0.0,1,480
32,vary_model,202,112227988,404,0.10443684202598708,0.03651218001152201,0.046988273469368846,0.0,0.0,0.0,1,480
33,vary_model,202,864358513,404,0.09012876396448136,0.04634731628384707,0.059099103443131136,0.0,0.0,0.0,1,480
34,vary_model,202,1774164003,404,0.08521927747615411,0.050009347816548956,0.06574209395845909,0.0,0.0,0.0,1,480
35,vary_model,202,207670460,404,0.065409022474091,0.04504838616709559,0.06423019444317166,0.0,0.0,0.0,1,480
36,vary_model,202,872107328,404,0.0677921339031271,0.05289937670115746,0.07771845271510298,0.0,0.0,0.0,1,480
37,vary_model,202,2078394912,404,0.058703719947922166,0.060670447573530024,0.08687025178208081,0.0,0.0,0.0,1,480
38,vary_model,202,2043260884,404,0.0519670402946199,0.044194135484291526,0.05936976678615076,0.0,0.0,0.0,1,480
39,vary_model,202,461717654,404,0.04028072825405606,0.04764475923364837,0.06525434495184401,0.0,0.0,0.0,1,480
40,vary_model,202,16301541,404,0.00286660295516408,0.05283743652198733,0.07459166904363138,0.0,0.0,0.0,1,480
41,vary_model,202,1442604701,404,0.08585591415609758,0.047039824940613595,0.0639732874418851,0.0,0.0,0.0,1,480
42,vary_model,202,30628421,404,0.025561311066333265,0.057214791478328926,0.07687131920239113,0.0,0.0,0.0,1,480
43,vary_model,202,645147212,404,0.07270079686151122,0.04214708520029137,0.05508517191337931,0.0,0.0,0.0,1,480
44,vary_model,202,1067425247,404,0.07446827440028506,0.05352764813508562,0.07693824912414733,0.0,0.0,0.0,1,480
45,vary_model,202,1877066119,404,0.04215544771898643,0.043492777663112735,0.05841507179467031,0.0,0.0,0.0,1,480
46,vary_model,202,199408322,404,0.02248801933318705,0.048895233518423106,0.06529262539848102,0.0,0.0,0.0,1,480
47,vary_model,202,1422095321,404,0.07260886435126811,0.06273373772235898,0.079395114701593,0.0,0.0,0.0,1,480
48,vary_model,202,1144680404,404,0.04032186558402636,0.05222390323125196,0.07100049100208093,0.0,0.0,0.0,1,480
49,vary_model,202,282642812,404,0.06757130980330732,0.05559875040156267,0.08378306009048836,0.0,0.0,0.0,1,480
50,vary_model,202,1815944263,404,0.08805961978726652,0.044362627269142994,0.061272332725556426,0.0,0.0,0.0,1,480
51,vary_model,202,1814783284,404,-0.0004109202493923724,0.05210425209941181,0.07432551873009628,0.0,0.0,0.0,1,480
52,vary_model,202,1036586537,404,0.06039507660975918,0.06536670776641787,0.09106247630056813,0.0,0.0,0.0,1,480
53,vary_model,202,2029260744,404,0.07646839029500015,0.049925622361564594,0.07023765210939761,0.0,0.0,0.0,1,480
54,vary_model,202,1303231670,404,0.007594421294129369,0.05776796446800076,0.07876668372809821,0.0,0.0,0.0,1,480
55,vary_model,202,1941146520,404,0.06913724338280262,0.04073173090269982,0.05729418585902102,0.0,0.0,0.0,1,480
56,vary_model,202,2062839176,404,0.04647445248620411,0.060652757645808165,0.08772648330203002,0.0,0.0,0.0,1,480
57,vary_model,202,1223462553,404,0.048376777359319605,0.0391452020123239,0.05627083171933752,0.0,0.0,0.0,1,480
58,vary_model,202,603127999,404,0.048144871359099096,0.059281450027017964,0.07837810298522994,0.0,0.0,0.0,1,480
59,vary_model,202,312372872,404,0.058707541060122694,0.04435035242746139,0.060288003965912704,0.0,0.0,0.0,1,480
60,vary_model,202,1208707449,404,0.05365798005306955,0.045494823781422486,0.06174309588246828,0.0,0.0,0.0,1,480
61,vary_model,202,413312208,404,0.029397472200040853,0.04830380831874993,0.07041187666951139,0.0,0.0,0.0,1,480
62,vary_model,202,1611082393,404,0.029110368908869845,0.04102995602179296,0.06143345324324405,0.0,0.0,0.0,1,480
63,vary_model,202,1992662283,404,0.0632675692808528,0.05013367482154815,0.07097843444889604,0.0,0.0,0.0,1,480
64,vary_model,202,527090060,404,0.0822325683159718,0.045277825711250365,0.060262469285120884,0.0,0.0,0.0,1,480
65,vary_model,202,1186112100,404,0.046992749357593906,0.047704218145544125,0.06980980226321308,0.0,0.0,0.0,1,480
66,vary_model,202,105583631,404,0.033507292812887016,0.047489365119755066,0.06600127527613288,0.0,0.0,0.0,1,480
67,vary_model,202,387733538,404,0.020725861983282145,0.06046912658608784,0.0861220200238688,0.0,0.0,0.0,1,480
68,vary_model,202,809968073,404,0.025062177682874744,0.0526321828575624,0.07213442177212923,0.0,0.0,0.0,1,480
69,vary_model,202,1898497723,404,0.040671717928700404,0.04403092331420568,0.057628097174163215,0.0,0.0,0.0,1,480
70,vary_model,202,2082001083,404,0.0718074064989988,0.05010084276386077,0.07515448153773978,0.0,0.0,0.0,1,480
71,vary_model,202,1377764745,404,0.035955836882428635,0.05796920734122369,0.08459134394050571,0.0,0.0,0.0,1,480
72,vary_model,202,1252956126,404,0.03508780209390543,0.04236988409250042,0.06142967443076446,0.0,0.0,0.0,1,480
73,vary_model,202,1223409138,404,0.10284232354969555,0.03975745158820667,0.0527893749563874,0.0,0.0,0.0,1,480
74,vary_model,202,130168482,404,0.08272873738266365,0.05105948469156034,0.06742426097949111,0.0,0.0,0.0,1,480
75,vary_model,202,808071975,404,0.10338531852095793,0.03506030663959812,0.04561099515305528,0.0,0.0,0.0,1,480
76,vary_model,202,2111675071,404,0.0602178886261833,0.04392995952150231,0.059189032833138214,0.0,0.0,0.0,1,480
77,vary_model,202,882519748,404,0.09013353103591099,0.0474622341831341,0.06277041451686355,0.0,0.0,0.0,1,480
78,vary_model,202,458084909,404,0.04300171636699608,0.048955734009600446,0.06563967735049978,0.0,0.0,0.0,1,480
79,vary_model,202,514299168,404,0.0071295191704039045,0.060194435002297486,0.08460065767826924,0.0,0.0,0.0,1,480
80,vary_model,202,1531946085,404,0.04146185544810644,0.03989965560988035,0.06032097455574782,0.0,0.0,0.0,1,480
81,vary_model,202,81727401,404,0.07909270418288633,0.05116575993862765,0.07019452245321756,0.0,0.0,0.0,1,480
82,vary_model,202,2081811441,404,0.03940362058320785,0.04844030539404195,0.06964815703780752,0.0,0.0,0.0,1,480
83,vary_model,202,1881665561,404,0.05346216012800406,0.06264014408128118,0.08118312871250402,0.0,0.0,0.0,1,480
84,vary_model,202,1218766099,404,0.07342037761627168,0.04795894374844083,0.06789950575346468,0.0,0.0,0.0,1,480
85,vary_model,202,1004442992,404,0.07420698915420143,0.04260763514338694,0.06070467774034309,0.0,0.0,0.0,1,480
86,vary_model,202,1635176338,404,0.12050803976553244,0.049076195268003775,0.06469928175734775,0.0,0.0,0.0,1,480
87,vary_model,202,1176037634,404,0.022297683358015553,0.042496072205223244,0.06076024396586875,0.0,0.0,0.0,1,480
88,vary_model,202,1024744532,404,0.054553505387633476,0.05191073589905162,0.07391343468413136,0.0,0.0,0.0,1,480
89,vary_model,202,691840439,404,0.09419299127324485,0.04724308808793106,0.07065255993455458,0.0,0.0,0.0,1,480
90,vary_model,202,959359876,404,0.03802849130875618,0.05668162836501386,0.07671340214991867,0.0,0.0,0.0,1,480
91,vary_model,202,1613457978,404,0.06211725709134964,0.043949349336023034,0.057878394167635835,0.0,0.0,0.0,1,480
92,vary_model,202,118322299,404,-0.0013981093165544925,0.0487699809844689,0.06549826559197591,0.0,0.0,0.0,1,480
93,vary_model,202,54109868,404,0.06321629902597811,0.04237054188552603,0.055959508937132564,0.0,0.0,0.0,1,480
94,vary_model,202,1547041455,404,0.06449034915293755,0.0554787131082467,0.08310919808861142,0.0,0.0,0.0,1,480
95,vary_model,202,799261786,404,0.05402012949737947,0.048799980082294074,0.06854094298507282,0.0,0.0,0.0,1,480
96,vary_model,202,1726001975,404,0.045870001310473946,0.0504689351079328,0.06918721828911842,0.0,0.0,0.0,1,480
97,vary_model,202,65176761,404,0.06072929811552067,0.055034972169965855,0.07548049021331701,0.0,0.0,0.0,1,480
98,vary_model,202,1948207564,404,0.0557453641934333,0.044187729569607065,0.06490230383577897,0.0,0.0,0.0,1,480
99,vary_model,202,263908780,404,0.03537641705257277,0.03774839066256585,0.05235199215665959,0.0,0.0,0.0,1,480
0,vary_eval,202,303,892932601,0.05214201745176788,0.05471080818206111,0.07781674339752413,0.0,0.0,0.0,1,480
1,vary_eval,202,303,2076935019,-0.05299592988600976,0.04972484004771777,0.07233195186294651,0.0,0.0,0.0,1,480
2,vary_eval,202,303,233012133,0.18406033046928852,0.059371454743326106,0.07570173871735444,0.0,0.0,0.0,1,480
3,vary_eval,202,303,1412530411,-0.04857677026328585,0.068845815445001,0.09268648041716612,0.0,0.0,0.0,1,480
4,vary_eval,202,303,1563120100,0.10139960762172494,0.05009208392963066,0.07539199869301302,0.0,0.0,0.0,1,480
5,vary_eval,202,303,919595976,-0.006322386971951042,0.049157183458262595,0.06747462852422545,0.0,0.0,0.0,1,480
6,vary_eval,202,303,169703186,-0.01089278803398278,0.047187788476016845,0.061015157429153165,0.0,0.0,0.0,1,480
7,vary_eval,202,303,1124723317,0.02492832719145006,0.05263348455455777,0.0738331849676747,0.0,0.0,0.0,1,480
8,vary_eval,202,303,930610540,-0.08679059118688769,0.045687315537021544,0.05737998896636027,0.0,0.0,0.0,1,480
9,vary_eval,202,303,1874343502,0.023223514167722385,0.047265883452416654,0.06211036034862462,0.0,0.0,0.0,1,480
10,vary_eval,202,303,1465183648,0.20787927339052803,0.056791898892408946,0.07425443876034407,0.0,0.0,0.0,1,480
11,vary_eval,202,303,739186778,-0.04731040918590373,0.03888020963741748,0.052856256687081965,0.0,0.0,0.0,1,480
12,vary_eval,202,303,124640146,0.18603936702747895,0.04595437903224391,0.06114890041683871,0.0,0.0,0.0,1,480
13,vary_eval,202,303,1267640231,0.005444493344195704,0.042126207403826964,0.061594174791851385,0.0,0.0,0.0,1,480
14,vary_eval,202,303,600425219,0.046360318879261814,0.050897180302449614,0.0665663288968894,0.0,0.0,0.0,1,480
15,vary_eval,202,303,1468201011,-0.05817238104131328,0.04292399903688599,0.06184334752669517,0.0,0.0,0.0,1,480
16,vary_eval,202,303,1855040773,-0.04766334748070397,0.053371716931362424,0.07687355858139093,0.0,0.0,0.0,1,480
17,vary_eval,202,303,763245274,0.06419999390628846,0.0440152511768364,0.06026240651342053,0.0,0.0,0.0,1,480
18,vary_eval,202,303,1939983779,0.24664821497191944,0.050255941395100354,0.06918759868972851,0.0,0.0,0.0,1,480
19,vary_eval,202,303,1114755510,-0.004974663703711746,0.04433880042926765,0.06190074489397125,0.0,0.0,0.0,1,480
20,vary_eval,202,303,1139953098,-0.11498926673213943,0.035609525749329206,0.05429871857436537,0.0,0.0,0.0,1,480
21,vary_eval,202,303,1643356241,0.07744543145287176,0.0535747219774177,0.07514951963613048,0.0,0.0,0.0,1,480
22,vary_eval,202,303,1694640500,0.048152480356875395,0.050649215325955524,0.0700453508685015,0.0,0.0,0.0,1,480
23,vary_eval,202,303,1952447708,0.0819835246890738,0.05366705338344004,0.07254580903474109,0.0,0.0,0.0,1,480
24,vary_eval,202,303,2145723506,0.16820004466068983,0.06327116607729709,0.09065859596440817,0.0,0.0,0.0,1,480
25,vary_eval,202,303,324403772,0.18312182956310077,0.03753354658064965,0.04953542327393587,0.0,0.0,0.0,1,480
26,vary_eval,202,303,886051817,-0.10949148147646988,0.048987824966426875,0.06712040072656753,0.0,0.0,0.0,1,480
27,vary_eval,202,303,2004502880,0.04235256477287804,0.040252231820680134,0.04845420150119381,0.0,0.0,0.0,1,480
28,vary_eval,202,303,660680921,0.19082881611483807,0.044340241212919164,0.06302257633781325,0.0,0.0,0.0,1,480
29,vary_eval,202,303,11121530,0.005450183657021222,0.03579141360506421,0.049363806515710165,0.0,0.0,0.0,1,480
30,vary_eval,202,303,1237113403,0.06153820293458909,0.04109641316515863,0.057353531188472105,0.0,0.0,0.0,1,480
31,vary_eval,202,303,1617006875,0.12248845475346597,0.050474794943529286,0.07199825345623272,0.0,0.0,0.0,1,480
32,vary_eval,202,303,1595815399,-0.07430397677595725,0.03852908260870509,0.05229076382061395,0.0,0.0,0.0,1,480
33,vary_eval,202,303,1740593113,-0.07737816882477153,0.05045175971411967,0.06801465553042423,0.0,0.0,0.0,1,480
34,vary_eval,202,303,1382649464,-0.05460679541485181,0.046100248439780465,0.062454584462274476,0.0,0.0,0.0,1,480
35,vary_eval,202,303,293698564,0.15952748327171837,0.03837554432768509,0.05017375269491914,0.0,0.0,0.0,1,480
36,vary_eval,202,303,1819199984,-0.007038322905751669,0.05751719973023443,0.07908148651748723,0.0,0.0,0.0,1,480
37,vary_eval,202,303,899588740,0.06928590890831361,0.04540078555854901,0.06332632359853145,0.0,0.0,0.0,1,480
38,vary_eval,202,303,1819789397,-0.08135693720915267,0.0548367393344432,0.07856086747151456,0.0,0.0,0.0,1,480
39,vary_eval,202,303,1750749524,0.028926970558435527,0.05142539325809433,0.07072579465239735,0.0,0.0,0.0,1,480
40,vary_eval,202,303,2083950922,-0.008118060182509252,0.062754647557756,0.09119945184013697,0.0,0.0,0.0,1,480
41,vary_eval,202,303,30647146,0.1622803063690867,0.03997752177139984,0.054271362090276526,0.0,0.0,0.0,1,480
42,vary_eval,202,303,1860098429,0.07841170762659881,0.04528361846950783,0.06281109921549982,0.0,0.0,0.0,1,480
43,vary_eval,202,303,1349611755,-0.03711939604664264,0.051323794979574545,0.07087434594129852,0.0,0.0,0.0,1,480
44,vary_eval,202,303,1042264525,-0.10263306730546488,0.04094513715673014,0.053267995957484576,0.0,0.0,0.0,1,480
45,vary_eval,202,303,1703005337,-0.04912376380738879,0.05004218613938942,0.06728630754727419,0.0,0.0,0.0,1,480
46,vary_eval,202,303,2044862114,-0.004947866356238865,0.05366258074448709,0.0735522393811612,0.0,0.0,0.0,1,480
47,vary_eval,202,303,1101666804,-0.08545917176129354,0.05229822128310903,0.0702678920576659,0.0,0.0,0.0,1,480
48,vary_eval,202,303,187840499,0.032924613165273314,0.05546220610183188,0.08284113976716397,0.0,0.0,0.0,1,480
49,vary_eval,202,303,1558749761,0.11069210037585815,0.051699971138319485,0.07629473474221671,0.0,0.0,0.0,1,480
50,vary_eval,202,303,495329462,0.07847624190745278,0.040271765637458934,0.05041336059285383,0.0,0.0,0.0,1,480
51,vary_eval,202,303,486240727,0.014783760604685338,0.030114657334599306,0.042710712109065976,0.0,0.0,0.0,1,480
52,vary_eval,202,303,414262536,-0.0063842988255675545,0.04188973337651643,0.05976701989718757,0.0,0.0,0.0,1,480
53,vary_eval,202,303,426320919,0.28267505578333524,0.049690262097482715,0.06604043565904316,0.0,0.0,0.0,1,480
54,vary_eval,202,303,1954144749,-0.1279436728001194,0.04809281445451673,0.06114429400169083,0.0,0.0,0.0,1,480
55,vary_eval,202,303,779809188,-0.002685218908524317,0.04180619365965308,0.05816431100878474,0.0,0.0,0.0,1,480
56,vary_eval,202,303,227995996,0.018290097598729158,0.031956311386237675,0.040887026931239384,0.0,0.0,0.0,1,480
57,vary_eval,202,303,385271511,-0.01708604419927009,0.030406471981213427,0.0396545807202043,0.0,0.0,0.0,1,480
58,vary_eval,202,303,847805931,-0.03202657527442268,0.05330310489147277,0.07307628125318155,0.0,0.0,0.0,1,480
59,vary_eval,202,303,743161281,0.06379301255395006,0.0501354364691883,0.07193232827575702,0.0,0.0,0.0,1,480
60,vary_eval,202,303,666031918,-0.05200298258292215,0.04379008735727763,0.05787064981049381,0.0,0.0,0.0,1,480
61,vary_eval,202,303,2036080917,-0.09545492867192547,0.057294593769478326,0.07766779116659892,0.0,0.0,0.0,1,480
62,vary_eval,202,303,1860940472,-0.09078794959753081,0.05775652916216293,0.0762490228032307,0.0,0.0,0.0,1,480
63,vary_eval,202,303,1231222635,-0.005884106429152101,0.05778829155247242,0.08164709106190682,0.0,0.0,0.0,1,480
64,vary_eval,202,303,2118343198,0.014447372116334008,0.03447167490880324,0.05017216476310396,0.0,0.0,0.0,1,480
65,vary_eval,202,303,730290613,0.02385477691366432,0.05670806726606423,0.07849048233890492,0.0,0.0,0.0,1,480
66,vary_eval,202,303,295422733,0.03573788907360057,0.0393236129024896,0.05634864365377866,0.0,0.0,0.0,1,480
67,vary_eval,202,303,583094681,0.09430955276055879,0.055432546944280396,0.078502902147718,0.0,0.0,0.0,1,480
68,vary_eval,202,303,191779827,0.01560918109406797,0.05824398633797393,0.08214756127036218,0.0,0.0,0.0,1,480
69,vary_eval,202,303,2044489237,-0.016105811190985992,0.04348058605037509,0.0608932857400479,0.0,0.0,0.0,1,480
70,vary_eval,202,303,470263147,-0.0270589451071312,0.062100756633421954,0.09103384968562231,0.0,0.0,0.0,1,480
71,vary_eval,202,303,954509687,0.1342067515211654,0.056923941533653766,0.078371956709626,0.0,0.0,0.0,1,480
72,vary_eval,202,303,434219341,0.07349320497089228,0.04223832701445548,0.05920381243724194,0.0,0.0,0.0,1,480
73,vary_eval,202,303,2105381695,-0.04691090812832766,0.03377410984149202,0.04797932755861209,0.0,0.0,0.0,1,480
74,vary_eval,202,303,339439493,-0.00707318741649478,0.04291220723186543,0.06054457153381376,0.0,0.0,0.0,1,480
75,vary_eval,202,303,1107076501,0.01052621420713364,0.04060235237673312,0.05537482340133779,0.0,0.0,0.0,1,480
76,vary_eval,202,303,2041287365,0.0398462162801865,0.047456672359590515,0.06052996833666613,0.0,0.0,0.0,1,480
77,vary_eval,202,303,1119195739,-0.07229946992209957,0.0451251504172696,0.060065030591496406,0.0,0.0,0.0,1,480
78,vary_eval,202,303,1930450324,0.055685738531017284,0.04974924275450584,0.06636785956128602,0.0,0.0,0.0,1,480
79,vary_eval,202,303,1925306113,0.056220932078616705,0.04152079834823634,0.05646087707794788,0.0,0.0,0.0,1,480
80,vary_eval,202,303,1649159835,0.07765639959772545,0.056370095579420465,0.07674288189922038,0.0,0.0,0.0,1,480
81,vary_eval,202,303,1595080884,0.07643052349869846,0.03561037472657553,0.04459586332077157,0.0,0.0,0.0,1,480
82,vary_eval,202,303,1238267979,-0.03984828811455416,0.035068256499255955,0.04801593653059038,0.0,0.0,0.0,1,480
83,vary_eval,202,303,1246942529,0.03724951031412772,0.05548798909686627,0.07717090734971395,0.0,0.0,0.0,1,480
84,vary_eval,202,303,1785323950,0.09296908454847835,0.04814732514452088,0.06652799387726915,0.0,0.0,0.0,1,480
85,vary_eval,202,303,916222832,0.016524994007900775,0.05653712957335255,0.08233955735613388,0.0,0.0,0.0,1,480
86,vary_eval,202,303,2031005150,0.033969192979589766,0.05812367797452776,0.07730307278409917,0.0,0.0,0.0,1,480
87,vary_eval,202,303,1885894066,-0.10130365898897392,0.0513974541676547,0.06752247785878591,0.0,0.0,0.0,1,480
88,vary_eval,202,303,804016632,0.0001699110589896218,0.04179212835554266,0.05975861417363801,0.0,0.0,0.0,1,480
89,vary_eval,202,303,884003375,0.06347502256764079,0.04706236391661709,0.06331411699646315,0.0,0.0,0.0,1,480
90,vary_eval,202,303,1534139079,-0.04705964410739065,0.04684339671567686,0.06723013905924909,0.0,0.0,0.0,1,480
91,vary_eval,202,303,1981611099,0.15181625235255503,0.045564475257027476,0.06311748815704193,0.0,0.0,0.0,1,480
92,vary_eval,202,303,207274478,-0.011448351074607612,0.04898942282554218,0.06707455221781272,0.0,0.0,0.0,1,480
93,vary_eval,202,303,147565095,-0.03520167702324701,0.06507294461184734,0.09254169924118502,0.0,0.0,0.0,1,480
94,vary_eval,202,303,532841851,0.049296448468527446,0.04459289274162927,0.06446842408632575,0.0,0.0,0.0,1,480
95,vary_eval,202,303,923411229,0.003471182674116303,0.03425864278503869,0.047148737808022666,0.0,0.0,0.0,1,480
96,vary_eval,202,303,349470873,0.19293476607022597,0.04752865901197093,0.06357672621047392,0.0,0.0,0.0,1,480
97,vary_eval,202,303,1115649580,-0.017499557350275953,0.03560952103737255,0.04837805564515576,0.0,0.0,0.0,1,480
98,vary_eval,202,303,1162425667,0.017734311526499406,0.05921005136561935,0.08220760318979081,0.0,0.0,0.0,1,480
99,vary_eval,202,303,2042124224,-0.13970668456855403,0.04335047208348415,0.0600694196611261,0.0,0.0,0.0,1,480
0,vary_all,2029167940,1473219434,892932601,0.1002451542571,0.04704630117018272,0.06950976681224508,0.0,0.0,0.0,1,480
1,vary_all,1342382292,775808659,2076935019,0.06283985689179272,0.04012417822263109,0.05404526599221124,0.0,0.0,0.0,1,480
2,vary_all,1469265226,1381360663,233012133,0.20503027218295067,0.07088209235781535,0.09631943436494439,0.0,0.0,0.0,1,480
3,vary_all,1926751965,1284590502,1412530411,-0.033565639709905636,0.050494925014613105,0.06962269889389953,0.0,0.0,0.0,1,480
4,vary_all,1241873584,232416244,1563120100,0.05105633001375211,0.04604483846447519,0.06531394319155259,0.0,0.0,0.0,1,480
5,vary_all,1665772334,127241933,919595976,0.06253896047871328,0.048251036321177436,0.06760174291093779,0.0,0.0,0.0,1,480
6,vary_all,1790251936,1417675531,169703186,-0.1646327823176804,0.05518353655998777,0.08081642940624417,0.0,0.0,0.0,1,480
7,vary_all,483628758,832432954,1124723317,0.0146364820818548,0.04808961988380472,0.06404749334184551,0.0,0.0,0.0,1,480
8,vary_all,119253155,1284902936,930610540,-0.08731991480321018,0.03868948296088057,0.05123930631075723,0.0,0.0,0.0,1,480
9,vary_all,644602188,693715271,1874343502,0.021745410098865013,0.04959027227865848,0.06620976938324669,0.0,0.0,0.0,1,480
10,vary_all,612176794,484582550,1465183648,0.22186983099924784,0.047898855678330646,0.0612939784424579,0.0,0.0,0.0,1,480
11,vary_all,1875941738,322551462,739186778,-0.014018850987712723,0.04814280944914839,0.060200386750948125,0.0,0.0,0.0,1,480
12,vary_all,1959843383,819442989,124640146,0.08031249369191212,0.05051687986810006,0.0660031796235089,0.0,0.0,0.0,1,480
13,vary_all,11307155,1753072728,1267640231,0.009040487675970314,0.05268643325357638,0.07721506429219176,0.0,0.0,0.0,1,480
14,vary_all,1073283950,861136855,600425219,0.06730011511744077,0.04401521617903557,0.05889170084284967,0.0,0.0,0.0,1,480
15,vary_all,1763574598,814854448,1468201011,0.11142906248723924,0.06028007765776284,0.0875627446712909,0.0,0.0,0.0,1,480
16,vary_all,282266799,1235630862,1855040773,-0.02591138635568447,0.05641516703747869,0.08108687630578362,0.0,0.0,0.0,1,480
17,vary_all,1711693563,2101845076,763245274,-0.05833354284496936,0.04593954991375332,0.06415198666789193,0.0,0.0,0.0,1,480
18,vary_all,255728785,842335582,1939983779,0.2348541706386344,0.06763242694330406,0.08797280765034701,0.0,0.0,0.0,1,480
19,vary_all,1004882659,1266997512,1114755510,-0.014660858460915183,0.06439324365496707,0.08493216205647798,0.0,0.0,0.0,1,480
20,vary_all,1753345571,943789711,1139953098,-0.15729847425000704,0.03460084795158855,0.05030748274868163,0.0,0.0,0.0,1,480
21,vary_all,650757181,1299348410,1643356241,0.10840884577532206,0.049549566718598614,0.0741469794207584,0.0,0.0,0.0,1,480
22,vary_all,733587778,957152604,1694640500,-0.1334984689622998,0.04256518919422849,0.05717618222102157,0.0,0.0,0.0,1,480
23,vary_all,597914449,1370087224,1952447708,0.06159778114703225,0.05440053439601221,0.07811315046659939,0.0,0.0,0.0,1,480
24,vary_all,1545052023,1175000481,2145723506,0.052487027957160044,0.04328997350410058,0.0624329550156936,0.0,0.0,0.0,1,480
25,vary_all,547328271,1452665836,324403772,0.0540495744542319,0.04101845208744066,0.05614544930067488,0.0,0.0,0.0,1,480
26,vary_all,2126996168,2054636806,886051817,-0.12180875251891649,0.05217286730772081,0.07155109663076306,0.0,0.0,0.0,1,480
27,vary_all,955794088,323814805,2004502880,0.14025872151340682,0.04921434616245476,0.06955285266571173,0.0,0.0,0.0,1,480
28,vary_all,1026816911,1206101995,660680921,0.25924613222792003,0.04598113090276685,0.06682418784208183,0.0,0.0,0.0,1,480
29,vary_all,1083509135,945565970,11121530,0.16789535153436916,0.03987450641419954,0.055663082771916256,0.0,0.0,0.0,1,480
30,vary_all,1251001414,768789384,1237113403,0.01578713239856329,0.04741207093935152,0.06635194891359236,0.0,0.0,0.0,1,480
31,vary_all,1188626512,514459691,1617006875,0.14347515225868473,0.03950908230044764,0.054211213340564474,0.0,0.0,0.0,1,480
32,vary_all,1094029749,112227988,1595815399,-0.06250459324496525,0.060360475363577415,0.0828681308782328,0.0,0.0,0.0,1,480
33,vary_all,2137820579,864358513,1740593113,0.025718325229915698,0.04989739383923594,0.07044343599307251,0.0,0.0,0.0,1,480
34,vary_all,1734444720,1774164003,1382649464,-0.017200699062914167,0.053952383050096364,0.06918683621080841,0.0,0.0,0.0,1,480
35,vary_all,1702228508,207670460,293698564,0.20089655077351856,0.060389893669236444,0.08611773671987566,0.0,0.0,0.0,1,480
36,vary_all,1503827931,872107328,1819199984,0.04975551175312139,0.04855477591602842,0.06719441824295415,0.0,0.0,0.0,1,480
37,vary_all,1336119720,2078394912,899588740,-0.12199594132377563,0.044527742085023796,0.0625761793466167,0.0,0.0,0.0,1,480
38,vary_all,732347575,2043260884,1819789397,-0.006688723099314138,0.040833606485347,0.06008180280703532,0.0,0.0,0.0,1,480
39,vary_all,2123775744,461717654,1750749524,0.2368457144626203,0.04199450330750984,0.056406275326764954,0.0,0.0,0.0,1,480
40,vary_all,1001222388,16301541,2083950922,-0.027313221537396702,0.037908569864253075,0.053671356388775016,0.0,0.0,0.0,1,480
41,vary_all,462371909,1442604701,30647146,0.05506107792293468,0.03570363926378176,0.04677217672390268,0.0,0.0,0.0,1,480
42,vary_all,1814811279,30628421,1860098429,0.10629234616655146,0.047843655671794195,0.06702113881449921,0.0,0.0,0.0,1,480
43,vary_all,344052723,645147212,1349611755,-0.021081998700192745,0.04931093702047824,0.06895663076565547,0.0,0.0,0.0,1,480
44,vary_all,1841358261,1067425247,1042264525,-0.1365651733033772,0.04357619484633154,0.056368398775755224,0.0,0.0,0.0,1,480
45,vary_all,1315418783,1877066119,1703005337,-0.03160320072386206,0.050467461055301824,0.07252062704800623,0.0,0.0,0.0,1,480
46,vary_all,246345230,199408322,2044862114,0.011779835102711859,0.05246512789893327,0.07728957091013816,0.0,0.0,0.0,1,480
47,vary_all,94364744,1422095321,1101666804,-0.10338783190724526,0.029568346008557067,0.04014580728106962,0.0,0.0,0.0,1,480
48,vary_all,955111941,1144680404,187840499,0.04293824092273863,0.04454359551322864,0.056591795498620825,0.0,0.0,0.0,1,480
49,vary_all,76622815,282642812,1558749761,0.04982258284581072,0.055153240248379753,0.07906846943406641,0.0,0.0,0.0,1,480
50,vary_all,303992515,1815944263,495329462,-0.12370318525052447,0.052410312990240016,0.07395850359069905,0.0,0.0,0.0,1,480
51,vary_all,1105715321,1814783284,486240727,0.056370077867878295,0.05462198973322291,0.0749307522185092,0.0,0.0,0.0,1,480
52,vary_all,2083627518,1036586537,414262536,-0.01950609054037069,0.04579034879273582,0.06444950135582836,0.0,0.0,0.0,1,480
53,vary_all,1001169815,2029260744,426320919,0.23657164654764293,0.04860906210936203,0.06869306100211686,0.0,0.0,0.0,1,480
54,vary_all,1736125123,1303231670,1954144749,-0.14746314119745121,0.03811418688550695,0.053670889952100204,0.0,0.0,0.0,1,480
55,vary_all,1969602794,1941146520,779809188,-0.02659432869712187,0.044952241798263674,0.060535745503504566,0.0,0.0,0.0,1,480
56,vary_all,1768373431,2062839176,227995996,-0.028271476271268397,0.0358300308467375,0.05398946205768391,0.0,0.0,0.0,1,480
57,vary_all,1351253091,1223462553,385271511,-0.06770000621072206,0.045746916421161916,0.06329194084887954,0.0,0.0,0.0,1,480
58,vary_all,947894554,603127999,847805931,0.011378198474771803,0.03003840386652244,0.04128910002069535,0.0,0.0,0.0,1,480
59,vary_all,1104059238,312372872,743161281,-0.07024803155991505,0.0758635196716254,0.10439751725427282,0.0,0.0,0.0,1,480
60,vary_all,571810498,1208707449,666031918,-0.13272026251055513,0.0740780203689927,0.10483050920638531,0.0,0.0,0.0,1,480
61,vary_all,1067027577,413312208,2036080917,-0.1575912478727286,0.03766637892993087,0.049588696114894804,0.0,0.0,0.0,1,480
62,vary_all,814704260,1611082393,1860940472,-0.19088833061847332,0.050575103401434694,0.06278989534566509,0.0,0.0,0.0,1,480
63,vary_all,531534248,1992662283,1231222635,-0.030116300600441008,0.039756451144942626,0.05198580160984021,0.0,0.0,0.0,1,480
64,vary_all,2132991552,527090060,2118343198,0.03194115826257412,0.051883606798219586,0.07305082319076028,0.0,0.0,0.0,1,480
65,vary_all,25327477,1186112100,730290613,-0.04803431255410346,0.046867174667795025,0.06623555144181612,0.0,0.0,0.0,1,480
66,vary_all,208719316,105583631,295422733,0.015587009690718715,0.0499941901902501,0.06508798210250374,0.0,0.0,0.0,1,480
67,vary_all,413180458,387733538,583094681,0.03883167994377942,0.049305456076317054,0.07342468635996446,0.0,0.0,0.0,1,480
68,vary_all,2080950717,809968073,191779827,0.08769643897104681,0.03954850100753742,0.051818250786296705,0.0,0.0,0.0,1,480
69,vary_all,1486127662,1898497723,2044489237,0.03796671904237505,0.05971827317093663,0.08061568086507677,0.0,0.0,0.0,1,480
70,vary_all,1893744462,2082001083,470263147,-0.057262037415718094,0.04591041988948021,0.06067173052821419,0.0,0.0,0.0,1,480
71,vary_all,430799659,1377764745,954509687,0.073247501410261,0.05985160034673367,0.08451640716390292,0.0,0.0,0.0,1,480
72,vary_all,1548284816,1252956126,434219341,0.1493852800096624,0.06087295146276667,0.07717240021658864,0.0,0.0,0.0,1,480
73,vary_all,793573184,1223409138,2105381695,-0.0738356042063493,0.04982976169710023,0.06914745936500993,0.0,0.0,0.0,1,480
74,vary_all,1050150559,130168482,339439493,0.07088520929788536,0.04654352558639562,0.06207266071605564,0.0,0.0,0.0,1,480
75,vary_all,8019224,808071975,1107076501,0.15535561038066822,0.041717512007218294,0.06069113037208429,0.0,0.0,0.0,1,480
76,vary_all,1326161204,2111675071,2041287365,0.061450761961445236,0.04472486781440862,0.06180724887888892,0.0,0.0,0.0,1,480
77,vary_all,1782513925,882519748,1119195739,0.004218353591040437,0.03485512690085584,0.04418350493884375,0.0,0.0,0.0,1,480
78,vary_all,1425262066,458084909,1930450324,0.034213319646450434,0.042419542722352134,0.061258343671903824,0.0,0.0,0.0,1,480
79,vary_all,331702646,514299168,1925306113,-0.03257304506401985,0.04640049028464757,0.06392122510399631,0.0,0.0,0.0,1,480
80,vary_all,1146331534,1531946085,1649159835,0.08263954312845434,0.03576774462982709,0.05019654110323539,0.0,0.0,0.0,1,480
81,vary_all,574665130,81727401,1595080884,0.014115009269183824,0.05553644224294534,0.07725408310057572,0.0,0.0,0.0,1,480
82,vary_all,2072097652,2081811441,1238267979,-0.0018295039678229736,0.04046483410064257,0.05373913408471366,0.0,0.0,0.0,1,480
83,vary_all,1890498904,1881665561,1246942529,0.08174121874648918,0.056732958266629205,0.07370803986292261,0.0,0.0,0.0,1,480
84,vary_all,399930128,1218766099,1785323950,-0.015481257730463938,0.04952220503178311,0.06852070255642545,0.0,0.0,0.0,1,480
85,vary_all,1094767427,1004442992,916222832,0.0034464746222698925,0.08744931854925314,0.1173315622336221,0.0,0.0,0.0,1,480
86,vary_all,2018102210,1635176338,2031005150,0.11607802142826087,0.04748899129914325,0.06817022262785094,0.0,0.0,0.0,1,480
87,vary_all,1819241300,1176037634,1885894066,-0.06391364669791695,0.04443294575677776,0.06084456409423818,0.0,0.0,0.0,1,480
88,vary_all,1520252680,1024744532,804016632,0.04392024531474405,0.048025690712538614,0.061628801494077706,0.0,0.0,0.0,1,480
89,vary_all,1373782154,691840439,884003375,0.030706058575514217,0.04524989978111033,0.06542119169005123,0.0,0.0,0.0,1,480
90,vary_all,90439482,959359876,1534139079,0.13239592349639104,0.04290924344650582,0.0622968051116017,0.0,0.0,0.0,1,480
91,vary_all,1592940979,1613457978,1981611099,0.13550468880689717,0.04369107294953343,0.05786219072670534,0.0,0.0,0.0,1,480
92,vary_all,1016862180,118322299,207274478,0.034593863078838334,0.039474279096169324,0.05304974363668451,0.0,0.0,0.0,1,480
93,vary_all,196485316,54109868,147565095,-0.014410944363572339,0.0440167885711271,0.05916327117829959,0.0,0.0,0.0,1,480
94,vary_all,525027446,1547041455,532841851,-0.042055340801903554,0.03968912075677265,0.05552693380464471,0.0,0.0,0.0,1,480
95,vary_all,1162097507,799261786,923411229,0.02551450632978675,0.055521194394134006,0.0744714705589602,0.0,0.0,0.0,1,480
96,vary_all,1560763481,1726001975,349470873,0.10915897255783359,0.04904078894170069,0.06373470432256415,0.0,0.0,0.0,1,480
97,vary_all,1090432573,65176761,1115649580,-0.149249860783836,0.038958816729342136,0.051987334049616446,0.0,0.0,0.0,1,480
98,vary_all,1316294024,1948207564,1162425667,0.14917909609832253,0.05042420729520786,0.0760805438551331,0.0,0.0,0.0,1,480
99,vary_all,1871187062,263908780,2042124224,-0.02122973715796805,0.03946471892780513,0.0532917768564649,0.0,0.0,0.0,1,480
